id,first_name,last_name,email,gender
1,Sherm,Kalinke,skalinke0@wix.com,Male
2,Aldon,Berney,aberney1@xrea.com,Male
3,Walther,Dottrell,wdottrell2@xrea.com,Male
4,Martha,Scottrell,mscottrell3@clickbank.net,Female
5,Baillie,Brittlebank,bbrittlebank4@google.es,Male
6,Brigham,Ungaretti,bungaretti5@ezinearticles.com,Male
7,Jacynth,Stollenhof,jstollenhof6@abc.net.au,Female
8,Janette,Gudahy,jgudahy7@prweb.com,Female
9,Vida,Gaze,vgaze8@unblog.fr,Female
10,Deirdre,Lindl,dlindl9@usgs.gov,Female
11,Melisenda,Statton,mstattona@youtube.com,Female
12,Celesta,Brotherheed,cbrotherheedb@usda.gov,Female
13,Ailee,Simms,asimmsc@studiopress.com,Female
14,Trix,Dumbrill,tdumbrilld@yahoo.com,Female
15,Terrel,Courtes,tcourtese@uiuc.edu,Non-binary
16,Mariele,Froggatt,mfroggattf@reddit.com,Female
17,Jeddy,Gaskill,jgaskillg@yale.edu,Male
18,Theda,Garvan,tgarvanh@mac.com,Female
19,Sula,Deans,sdeansi@wired.com,Female
20,Nonnah,Deniskevich,ndeniskevichj@hud.gov,Female
21,Wat,Davys,wdavysk@cnn.com,Male
22,Barbette,Mugg,bmuggl@blogspot.com,Female
23,Letti,Symcox,lsymcoxm@edublogs.org,Female
24,Deeanne,Athow,dathown@quantcast.com,Female
25,Renault,Romeuf,rromeufo@nature.com,Male
26,Adolf,Batterbee,abatterbeep@theglobeandmail.com,Male
27,Rik,Rankling,rranklingq@symantec.com,Male
28,Janeva,Frary,jfraryr@google.es,Female
29,Graham,Coomes,gcoomess@unc.edu,Male
30,Emmit,Vaudin,evaudint@rambler.ru,Male
31,Filberte,Quartley,fquartleyu@omniture.com,Male
32,Florella,Ditzel,fditzelv@google.com.au,Female
33,Thia,Lazarus,tlazarusw@addthis.com,Female
34,Whitaker,Fissenden,wfissendenx@fema.gov,Male
35,Magnum,Forth,mforthy@diigo.com,Male
36,Frederik,Brower,fbrowerz@ebay.com,Male
37,Burk,Doring,bdoring10@paginegialle.it,Male
38,Corina,Scandrett,cscandrett11@abc.net.au,Female
39,Katusha,Brimm,kbrimm12@google.ca,Female
40,Tabby,Assinder,tassinder13@networksolutions.com,Male
41,Roley,Buse,rbuse14@vkontakte.ru,Male
42,Kirsten,St. Pierre,kstpierre15@dmoz.org,Female
43,Helyn,Vynoll,hvynoll16@about.me,Female
44,Lavinia,Friend,lfriend17@4shared.com,Female
45,Aigneis,Farmloe,afarmloe18@craigslist.org,Female
46,Rianon,Napolione,rnapolione19@lulu.com,Female
47,Goraud,Jandl,gjandl1a@illinois.edu,Male
48,Weidar,Turnpenny,wturnpenny1b@aol.com,Male
49,Gannon,Kacheller,gkacheller1c@etsy.com,Male
50,Claire,Duffell,cduffell1d@princeton.edu,Male
51,Zebulon,Lydden,zlydden1e@naver.com,Male
52,Chloris,Espinet,cespinet1f@a8.net,Female
53,Andie,Theze,atheze1g@pcworld.com,Female
54,Ingelbert,Stockill,istockill1h@cpanel.net,Male
55,Margarete,McCarrick,mmccarrick1i@bloglovin.com,Female
56,Bessy,Farlane,bfarlane1j@delicious.com,Female
57,Horton,Entissle,hentissle1k@qq.com,Male
58,Izaak,Sothcott,isothcott1l@msu.edu,Male
59,Joey,Cargon,jcargon1m@cpanel.net,Male
60,Coop,Domenico,cdomenico1n@edublogs.org,Male
61,Hilda,Nicklen,hnicklen1o@ning.com,Female
62,Fiann,Ceresa,fceresa1p@clickbank.net,Female
63,Massimiliano,Outerbridge,mouterbridge1q@cpanel.net,Male
64,Velma,Uccelli,vuccelli1r@1688.com,Female
65,Debbie,Ginni,dginni1s@squidoo.com,Female
66,Lizbeth,Windebank,lwindebank1t@mayoclinic.com,Agender
67,Duncan,Clapson,dclapson1u@mozilla.org,Male
68,Gwenneth,Attaway,gattaway1v@telegraph.co.uk,Female
69,Ahmed,Brymham,abrymham1w@bloglovin.com,Bigender
70,Gareth,Vanelli,gvanelli1x@skyrock.com,Male
71,Sandra,Duckett,sduckett1y@irs.gov,Female
72,Madel,Volke,mvolke1z@indiegogo.com,Female
73,Goober,Casley,gcasley20@stanford.edu,Male
74,Nicholle,Stacy,nstacy21@histats.com,Female
75,Lolly,Pickance,lpickance22@amazonaws.com,Female
76,Chlo,Burdoun,cburdoun23@indiatimes.com,Female
77,Ardyce,Immer,aimmer24@w3.org,Non-binary
78,Reginauld,Rushmere,rrushmere25@senate.gov,Male
79,Montague,Jeske,mjeske26@infoseek.co.jp,Male
80,Alexi,Kennewell,akennewell27@loc.gov,Female
81,Dorothea,Dobble,ddobble28@arizona.edu,Non-binary
82,Talbert,Oxby,toxby29@unesco.org,Male
83,Raeann,Lemmertz,rlemmertz2a@goodreads.com,Non-binary
84,Johnath,Brangan,jbrangan2b@wisc.edu,Female
85,Quinton,Penlington,qpenlington2c@google.pl,Male
86,Candace,Campsall,ccampsall2d@huffingtonpost.com,Female
87,Nealson,Weyman,nweyman2e@wp.com,Male
88,Janeta,Stanwix,jstanwix2f@sciencedirect.com,Female
89,Galen,Enrique,genrique2g@tamu.edu,Genderqueer
90,King,Daniel,kdaniel2h@squidoo.com,Male
91,Lorie,Spatarul,lspatarul2i@nba.com,Female
92,Ava,Lafond,alafond2j@nationalgeographic.com,Female
93,Sherm,Scay,sscay2k@fda.gov,Polygender
94,Ibby,Hardway,ihardway2l@accuweather.com,Female
95,Jerrie,Gilbody,jgilbody2m@reverbnation.com,Female
96,Linnell,Bucky,lbucky2n@paypal.com,Female
97,Errick,Wand,ewand2o@freewebs.com,Male
98,Rolando,Wrathall,rwrathall2p@ox.ac.uk,Male
99,Cesar,Mixture,cmixture2q@com.com,Male
100,Falkner,Bakhrushin,fbakhrushin2r@nyu.edu,Male
101,Maren,Nunes Nabarro,mnunesnabarro2s@reuters.com,Female
102,Florinda,Pinchbeck,fpinchbeck2t@cpanel.net,Female
103,Howey,Baglin,hbaglin2u@vimeo.com,Male
104,Ashlie,Cracie,acracie2v@youtu.be,Female
105,Major,Postlethwaite,mpostlethwaite2w@google.com,Male
106,Paloma,McGiff,pmcgiff2x@abc.net.au,Female
107,Goldina,MacVagh,gmacvagh2y@tuttocitta.it,Female
108,Delano,Fawlks,dfawlks2z@senate.gov,Male
109,Larine,Parysowna,lparysowna30@rediff.com,Female
110,Pieter,Seacroft,pseacroft31@hugedomains.com,Male
111,Serena,Sweeny,ssweeny32@home.pl,Female
112,Lincoln,Kingsmill,lkingsmill33@surveymonkey.com,Male
113,Dory,Sidgwick,dsidgwick34@webmd.com,Female
114,Meg,Castanyer,mcastanyer35@amazon.de,Female
115,Corabella,Colqueran,ccolqueran36@google.com.br,Female
116,Ambrosius,Talboy,atalboy37@umn.edu,Male
117,Ingrim,Gallop,igallop38@delicious.com,Male
118,Lorrie,Truse,ltruse39@foxnews.com,Genderqueer
119,Bethina,Chesney,bchesney3a@163.com,Female
120,Ker,de Leon,kdeleon3b@nyu.edu,Male
121,Rochelle,Presnell,rpresnell3c@gov.uk,Female
122,Maggi,McCall,mmccall3d@ow.ly,Female
123,Marj,Irons,mirons3e@washingtonpost.com,Female
124,Anabelle,Maffy,amaffy3f@acquirethisname.com,Female
125,Christie,Brosius,cbrosius3g@sciencedirect.com,Female
126,Lorne,Scarborough,lscarborough3h@edublogs.org,Male
127,Delila,Dacombe,ddacombe3i@dedecms.com,Female
128,Consolata,Kernock,ckernock3j@netvibes.com,Female
129,Kristel,Gownge,kgownge3k@foxnews.com,Female
130,Kellby,Maple,kmaple3l@nifty.com,Male
131,Merwin,Lynock,mlynock3m@google.co.uk,Male
132,Debora,Elsie,delsie3n@symantec.com,Female
133,Olympia,Bosson,obosson3o@sfgate.com,Female
134,Alecia,Doiley,adoiley3p@epa.gov,Female
135,Omar,Boxe,oboxe3q@google.fr,Male
136,Batsheva,Tobin,btobin3r@illinois.edu,Female
137,Vassili,Leftwich,vleftwich3s@techcrunch.com,Male
138,Roddie,Phillot,rphillot3t@godaddy.com,Male
139,Raddie,Leipoldt,rleipoldt3u@sourceforge.net,Male
140,Simonette,Crichmere,scrichmere3v@ed.gov,Female
141,Witty,Stummeyer,wstummeyer3w@angelfire.com,Male
142,Turner,Tidridge,ttidridge3x@1und1.de,Male
143,Debby,Lisciandri,dlisciandri3y@state.tx.us,Female
144,Ruthann,Harmes,rharmes3z@newsvine.com,Female
145,Eustace,Conduit,econduit40@admin.ch,Male
146,Faustina,Barbosa,fbarbosa41@yale.edu,Female
147,Darlleen,Keer,dkeer42@youtube.com,Bigender
148,Bentley,Asplen,basplen43@marriott.com,Male
149,Petronille,Cadwell,pcadwell44@i2i.jp,Female
150,Delmore,Turfrey,dturfrey45@ocn.ne.jp,Male
151,Lisle,Crossthwaite,lcrossthwaite46@soundcloud.com,Male
152,Kirbie,Tomasik,ktomasik47@hubpages.com,Female
153,Daloris,Harsant,dharsant48@blogtalkradio.com,Female
154,Randene,Palister,rpalister49@microsoft.com,Female
155,Kippy,Hazeldene,khazeldene4a@irs.gov,Female
156,Jemima,Cameron,jcameron4b@samsung.com,Female
157,Margeaux,Bulcock,mbulcock4c@tmall.com,Female
158,Rawley,Frichley,rfrichley4d@yellowpages.com,Male
159,Flint,Noulton,fnoulton4e@yahoo.com,Male
160,Burl,Pearsall,bpearsall4f@dailymail.co.uk,Non-binary
161,Dudley,Bier,dbier4g@liveinternet.ru,Male
162,Jule,Ivanitsa,jivanitsa4h@weibo.com,Male
163,Donni,Isakovitch,disakovitch4i@businessinsider.com,Polygender
164,Sada,McKinnon,smckinnon4j@bluehost.com,Female
165,Hy,Dormand,hdormand4k@hp.com,Male
166,Gray,Thomen,gthomen4l@zdnet.com,Male
167,Lynna,Cushe,lcushe4m@delicious.com,Female
168,Chantalle,McQuorkell,cmcquorkell4n@bloglines.com,Female
169,Danya,Armatage,darmatage4o@who.int,Male
170,Stirling,Scherer,sscherer4p@accuweather.com,Male
171,Elke,Roumier,eroumier4q@merriam-webster.com,Female
172,Skipton,Tremmil,stremmil4r@yellowpages.com,Male
173,Hattie,Gateshill,hgateshill4s@apple.com,Female
174,Francesco,Lambourn,flambourn4t@gmpg.org,Male
175,Codie,Lewcock,clewcock4u@bbc.co.uk,Male
176,Alvin,Dodgshon,adodgshon4v@artisteer.com,Male
177,Orin,Matevosian,omatevosian4w@vk.com,Male
178,Trey,Peeke,tpeeke4x@mozilla.org,Male
179,Elaine,Castelin,ecastelin4y@unc.edu,Female
180,Addi,Purches,apurches4z@livejournal.com,Non-binary
181,Cristiano,Ashbe,cashbe50@jugem.jp,Male
182,Pamelina,Maskew,pmaskew51@weibo.com,Female
183,Maryanna,Ashmore,mashmore52@dyndns.org,Female
184,Carlee,Kilmister,ckilmister53@liveinternet.ru,Female
185,Indira,Giacomello,igiacomello54@latimes.com,Female
186,Meir,Marner,mmarner55@virginia.edu,Male
187,Zitella,Codlin,zcodlin56@state.tx.us,Female
188,Anthiathia,Alchin,aalchin57@gravatar.com,Female
189,Cecile,Biesterfeld,cbiesterfeld58@kickstarter.com,Female
190,Neale,Kissack,nkissack59@ifeng.com,Male
191,Philip,Grioli,pgrioli5a@un.org,Male
192,Cynthy,Von Der Empten,cvonderempten5b@printfriendly.com,Bigender
193,Kirsti,D'Emanuele,kdemanuele5c@tinypic.com,Female
194,Reamonn,Gemelli,rgemelli5d@theatlantic.com,Male
195,Launce,Gonin,lgonin5e@wp.com,Male
196,Liliane,Yearsley,lyearsley5f@dyndns.org,Female
197,Gene,Eliaz,geliaz5g@i2i.jp,Male
198,Weylin,Lampert,wlampert5h@wired.com,Male
199,Bar,Baty,bbaty5i@mapy.cz,Male
200,Dani,Pleaden,dpleaden5j@163.com,Male
201,Adey,Couzens,acouzens5k@typepad.com,Female
202,Concordia,Sherwyn,csherwyn5l@photobucket.com,Female
203,Nerita,Earingey,nearingey5m@abc.net.au,Female
204,Georgi,Wigan,gwigan5n@yellowpages.com,Agender
205,Dilan,Flanigan,dflanigan5o@kickstarter.com,Male
206,Morena,Mossom,mmossom5p@fc2.com,Female
207,Reinald,Lagde,rlagde5q@huffingtonpost.com,Male
208,Bradley,Serris,bserris5r@mysql.com,Male
209,Denice,Gobbett,dgobbett5s@last.fm,Female
210,Hulda,Olivella,holivella5t@bing.com,Female
211,Tristan,Flinn,tflinn5u@artisteer.com,Male
212,Nance,Tuppeny,ntuppeny5v@mozilla.org,Female
213,Harley,Attryde,hattryde5w@ezinearticles.com,Female
214,Richmound,Horick,rhorick5x@skype.com,Male
215,Rhianna,Baignard,rbaignard5y@hugedomains.com,Female
216,Louisette,Bearn,lbearn5z@nasa.gov,Female
217,Marcus,Eagle,meagle60@cloudflare.com,Male
218,Ari,Wheatcroft,awheatcroft61@list-manage.com,Male
219,Sharl,Swadlen,sswadlen62@dell.com,Female
220,Buck,McNay,bmcnay63@vkontakte.ru,Male
221,Barnie,de Wilde,bdewilde64@mysql.com,Male
222,Kandy,Kleinsmuntz,kkleinsmuntz65@paginegialle.it,Female
223,Zerk,Evans,zevans66@privacy.gov.au,Male
224,Leigh,Daymond,ldaymond67@bloglovin.com,Male
225,Linea,Leward,lleward68@boston.com,Female
226,Karlan,Gibson,kgibson69@sphinn.com,Male
227,Demeter,Shyram,dshyram6a@sogou.com,Female
228,Wyn,Jugging,wjugging6b@opera.com,Genderfluid
229,Aguste,Dautry,adautry6c@creativecommons.org,Male
230,Ellie,Haresnape,eharesnape6d@economist.com,Female
231,Eilis,MacIlriach,emacilriach6e@phoca.cz,Female
232,Rainer,Ianilli,rianilli6f@youku.com,Male
233,Terrel,Astall,tastall6g@dailymail.co.uk,Male
234,Mark,Howes,mhowes6h@hp.com,Male
235,Kev,Sillett,ksillett6i@pinterest.com,Agender
236,Clarence,Lampart,clampart6j@yahoo.co.jp,Male
237,Mia,Cunradi,mcunradi6k@mac.com,Female
238,Nancey,Fernan,nfernan6l@slate.com,Female
239,Fidelity,Vescovo,fvescovo6m@mapquest.com,Female
240,Augustina,Morffew,amorffew6n@facebook.com,Female
241,Myrwyn,Crabb,mcrabb6o@ibm.com,Male
242,Constantino,Gomm,cgomm6p@homestead.com,Male
243,Tatum,MacDonough,tmacdonough6q@123-reg.co.uk,Female
244,Vale,Dowrey,vdowrey6r@sfgate.com,Female
245,Janene,Kinchlea,jkinchlea6s@guardian.co.uk,Female
246,Minnaminnie,Gaule,mgaule6t@mit.edu,Female
247,Conny,Devall,cdevall6u@hatena.ne.jp,Male
248,Bancroft,Whimpenny,bwhimpenny6v@alexa.com,Polygender
249,Netty,Mannion,nmannion6w@163.com,Female
250,Norah,Basek,nbasek6x@gov.uk,Female
251,Peder,Zannini,pzannini6y@wunderground.com,Male
252,Tanney,Ingles,tingles6z@jimdo.com,Male
253,Mace,Hodgins,mhodgins70@sun.com,Male
254,Martino,Quadri,mquadri71@angelfire.com,Male
255,Helena,Hopfer,hhopfer72@ehow.com,Genderqueer
256,Lyon,Keel,lkeel73@google.com.hk,Male
257,Latrena,Fairbridge,lfairbridge74@chron.com,Female
258,Lianna,Donovan,ldonovan75@huffingtonpost.com,Female
259,Gianni,Toghill,gtoghill76@google.com.hk,Male
260,Colly,Beardsell,cbeardsell77@aol.com,Female
261,Arman,Godlip,agodlip78@instagram.com,Bigender
262,Sunshine,Athersmith,sathersmith79@forbes.com,Female
263,Herby,Stepney,hstepney7a@discovery.com,Male
264,Devan,Roly,droly7b@mediafire.com,Female
265,Ash,Leheude,aleheude7c@goo.ne.jp,Male
266,Joyan,Hudspith,jhudspith7d@privacy.gov.au,Female
267,Marys,Skea,mskea7e@utexas.edu,Female
268,Matias,Rowledge,mrowledge7f@timesonline.co.uk,Male
269,Teresita,Sidlow,tsidlow7g@netvibes.com,Female
270,Aubrey,Grocott,agrocott7h@dell.com,Non-binary
271,Noel,Aldam,naldam7i@weibo.com,Male
272,Sissie,Fiddymont,sfiddymont7j@tinypic.com,Female
273,Rogers,Bamlett,rbamlett7k@slate.com,Male
274,Hayley,Steely,hsteely7l@soup.io,Female
275,Valle,Abbotson,vabbotson7m@wikia.com,Polygender
276,Loleta,Duddy,lduddy7n@joomla.org,Female
277,Abbye,Gillitt,agillitt7o@tripod.com,Female
278,Ashlen,Van Arsdall,avanarsdall7p@hibu.com,Female
279,Trevar,Oxherd,toxherd7q@illinois.edu,Male
280,Ruthann,Vader,rvader7r@cyberchimps.com,Female
281,Deina,MacConnell,dmacconnell7s@statcounter.com,Female
282,Ezekiel,Dows,edows7t@deliciousdays.com,Male
283,Clementius,Brumbie,cbrumbie7u@wordpress.com,Male
284,Bernardo,Coath,bcoath7v@japanpost.jp,Male
285,Merrile,Mancell,mmancell7w@booking.com,Female
286,Vania,Salvadori,vsalvadori7x@smh.com.au,Female
287,Carmelita,Longwood,clongwood7y@over-blog.com,Female
288,Vyky,Manneville,vmanneville7z@themeforest.net,Female
289,Itch,Bolt,ibolt80@sakura.ne.jp,Male
290,Hermione,Cristofolo,hcristofolo81@about.me,Genderqueer
291,Margot,Lyard,mlyard82@fc2.com,Female
292,Kandace,Nelsey,knelsey83@japanpost.jp,Female
293,Annabelle,Lindenberg,alindenberg84@google.it,Female
294,Emili,Spandley,espandley85@blogger.com,Female
295,Clerc,Kierans,ckierans86@printfriendly.com,Male
296,Maisie,Frankcombe,mfrankcombe87@wix.com,Female
297,Kit,Raybould,kraybould88@usnews.com,Male
298,Claresta,Lockie,clockie89@lulu.com,Female
299,Bertha,Ferris,bferris8a@usa.gov,Female
300,Lonee,Huws,lhuws8b@slideshare.net,Female
301,Caralie,Gopsell,cgopsell8c@ucsd.edu,Female
302,Gerrie,Shapiro,gshapiro8d@google.it,Female
303,Matthew,Dyneley,mdyneley8e@lycos.com,Male
304,Rochette,McGinly,rmcginly8f@exblog.jp,Female
305,Fair,Tilbey,ftilbey8g@yelp.com,Male
306,Helli,Ashbolt,hashbolt8h@tinyurl.com,Female
307,Gena,Thomerson,gthomerson8i@ucla.edu,Female
308,Sonja,Fillimore,sfillimore8j@liveinternet.ru,Female
309,Talya,Heild,theild8k@elegantthemes.com,Female
310,Anabal,Worsell,aworsell8l@biglobe.ne.jp,Female
311,Meyer,Snaddon,msnaddon8m@harvard.edu,Male
312,Gay,Iacapucci,giacapucci8n@china.com.cn,Agender
313,Jodi,Sibbald,jsibbald8o@github.com,Genderqueer
314,Benton,Hughf,bhughf8p@hud.gov,Male
315,Sophi,Spinks,sspinks8q@bizjournals.com,Female
316,Gaspard,Bandt,gbandt8r@mysql.com,Male
317,Les,MacGillicuddy,lmacgillicuddy8s@freewebs.com,Male
318,Eamon,MacShirrie,emacshirrie8t@shinystat.com,Male
319,Aurlie,Wadman,awadman8u@independent.co.uk,Female
320,Glennis,Stathor,gstathor8v@ezinearticles.com,Agender
321,Raphael,Ingram,ringram8w@ow.ly,Male
322,Oralle,Lorence,olorence8x@sogou.com,Female
323,Gareth,Barette,gbarette8y@sphinn.com,Male
324,Leupold,Cadogan,lcadogan8z@elpais.com,Male
325,Letisha,Dawney,ldawney90@ow.ly,Female
326,Benedikt,Mance,bmance91@zdnet.com,Male
327,Beauregard,Shee,bshee92@boston.com,Male
328,Meggy,Sheal,msheal93@w3.org,Female
329,Sander,Houldey,shouldey94@plala.or.jp,Male
330,Brigit,Cady,bcady95@seesaa.net,Female
331,Gal,Sitford,gsitford96@mozilla.com,Male
332,Basil,Traylen,btraylen97@bing.com,Male
333,Bancroft,Hofler,bhofler98@archive.org,Male
334,Sonja,Fenty,sfenty99@jimdo.com,Female
335,Beryle,Pickett,bpickett9a@europa.eu,Female
336,Iosep,Gunton,igunton9b@sciencedirect.com,Non-binary
337,Claudius,Carlesi,ccarlesi9c@godaddy.com,Male
338,Othello,Bruno,obruno9d@bloglines.com,Male
339,Brock,Craigheid,bcraigheid9e@pagesperso-orange.fr,Male
340,Amii,Longfield,alongfield9f@alibaba.com,Female
341,Lanita,Cridge,lcridge9g@bluehost.com,Female
342,Matelda,Barradell,mbarradell9h@ameblo.jp,Female
343,Warde,Ghilardini,wghilardini9i@google.co.jp,Male
344,Jemima,Jansens,jjansens9j@wikipedia.org,Female
345,Daryle,Kristoffersson,dkristoffersson9k@redcross.org,Genderfluid
346,Nobie,Merrigan,nmerrigan9l@trellian.com,Male
347,Jessamyn,Keaveney,jkeaveney9m@is.gd,Female
348,Elwood,Sprague,esprague9n@ycombinator.com,Male
349,Pattie,Linay,plinay9o@stanford.edu,Female
350,Ab,Hackleton,ahackleton9p@engadget.com,Male
351,Wolfie,Domesday,wdomesday9q@accuweather.com,Male
352,Carr,Byk,cbyk9r@shareasale.com,Male
353,Drusy,ffrench Beytagh,dffrenchbeytagh9s@uiuc.edu,Female
354,Aaron,Guillet,aguillet9t@woothemes.com,Male
355,D'arcy,Brierton,dbrierton9u@nyu.edu,Male
356,Rania,Allanby,rallanby9v@example.com,Female
357,Abramo,Janusz,ajanusz9w@seattletimes.com,Male
358,Merv,Revill,mrevill9x@ted.com,Male
359,Florance,Glaisner,fglaisner9y@hubpages.com,Female
360,Carie,Brisbane,cbrisbane9z@hp.com,Female
361,Jeniffer,Abels,jabelsa0@artisteer.com,Female
362,Lilah,Capelow,lcapelowa1@google.com.au,Female
363,Dirk,Reid,dreida2@usa.gov,Male
364,Colan,Grece,cgrecea3@upenn.edu,Male
365,Benjamen,Plett,bpletta4@independent.co.uk,Male
366,Jayson,Philler,jphillera5@php.net,Male
367,Conchita,Finnemore,cfinnemorea6@slashdot.org,Female
368,Lennard,Klimecki,lklimeckia7@bluehost.com,Genderqueer
369,Osmund,Coull,ocoulla8@wordpress.com,Non-binary
370,Morlee,Kyllford,mkyllforda9@linkedin.com,Male
371,Olia,Hurd,ohurdaa@java.com,Female
372,Marve,Battison,mbattisonab@yellowpages.com,Male
373,Chet,Tousy,ctousyac@mozilla.com,Male
374,Valina,Hallyburton,vhallyburtonad@cdbaby.com,Female
375,Devy,Croughan,dcroughanae@umn.edu,Male
376,Oriana,Cudihy,ocudihyaf@mac.com,Polygender
377,Fayette,McReidy,fmcreidyag@over-blog.com,Female
378,Gerri,Winfield,gwinfieldah@ucoz.com,Female
379,Cassy,Denziloe,cdenziloeai@mtv.com,Female
380,Gabriele,Vinick,gvinickaj@godaddy.com,Male
381,Gaspard,Gambie,ggambieak@moonfruit.com,Male
382,Ignacius,Mandeville,imandevilleal@disqus.com,Male
383,Yance,Adrien,yadrienam@ucla.edu,Male
384,Celka,Adne,cadnean@mtv.com,Female
385,Maria,Rives,mrivesao@illinois.edu,Female
386,Kristi,Cumpton,kcumptonap@businessweek.com,Female
387,Peyter,Pinnegar,ppinnegaraq@ucsd.edu,Male
388,Josias,Sherwood,jsherwoodar@friendfeed.com,Male
389,Colan,Allard,callardas@vinaora.com,Male
390,Anstice,Ashmore,aashmoreat@timesonline.co.uk,Female
391,Corbett,Attwater,cattwaterau@digg.com,Male
392,Burch,Nurse,bnurseav@yellowbook.com,Male
393,Zollie,McReynold,zmcreynoldaw@opera.com,Male
394,Burty,Boarer,bboarerax@exblog.jp,Male
395,Georgiana,Hofner,ghofneray@amazon.de,Female
396,Domini,Randal,drandalaz@noaa.gov,Female
397,Ailee,Tenney,atenneyb0@epa.gov,Female
398,Sabina,Robey,srobeyb1@reference.com,Female
399,Aguste,Riatt,ariattb2@cornell.edu,Male
400,Blane,Maris,bmarisb3@bloglines.com,Male
401,Elena,Pierro,epierrob4@networksolutions.com,Female
402,Melli,Mitkin,mmitkinb5@mapy.cz,Female
403,Tammy,De Cristofalo,tdecristofalob6@ca.gov,Male
404,Filippo,Jackson,fjacksonb7@bbb.org,Agender
405,Gan,Tomankowski,gtomankowskib8@mashable.com,Male
406,Jonis,Freebury,jfreeburyb9@cyberchimps.com,Female
407,Consuelo,Kirtlan,ckirtlanba@kickstarter.com,Female
408,Gabrielle,Lucock,glucockbb@ebay.co.uk,Female
409,Adrea,Lanston,alanstonbc@so-net.ne.jp,Female
410,Dom,Trouncer,dtrouncerbd@nsw.gov.au,Male
411,Natalya,Attoe,nattoebe@blinklist.com,Female
412,Prissie,Armitage,parmitagebf@buzzfeed.com,Female
413,Janos,Le Claire,jleclairebg@wikimedia.org,Bigender
414,Cedric,Grayer,cgrayerbh@surveymonkey.com,Male
415,Oneida,Logan,ologanbi@independent.co.uk,Female
416,Dante,Antonich,dantonichbj@auda.org.au,Male
417,Ludovika,Prester,lpresterbk@nyu.edu,Female
418,Erminie,Datte,edattebl@alibaba.com,Female
419,Boigie,Archley,barchleybm@constantcontact.com,Male
420,Adria,Marskell,amarskellbn@1und1.de,Female
421,Pearline,Titcom,ptitcombo@ycombinator.com,Female
422,Ranique,Malamore,rmalamorebp@disqus.com,Female
423,Delmar,Stonner,dstonnerbq@vinaora.com,Male
424,Wells,Hearon,whearonbr@indiatimes.com,Male
425,Dix,de Clerq,ddeclerqbs@jimdo.com,Female
426,Neddie,Nand,nnandbt@berkeley.edu,Male
427,Tate,Sandhill,tsandhillbu@seesaa.net,Female
428,Esmaria,Neubigin,eneubiginbv@godaddy.com,Female
429,Duky,Domingues,ddominguesbw@washington.edu,Male
430,Shayne,Ingilson,singilsonbx@jugem.jp,Male
431,Paloma,Woodwin,pwoodwinby@princeton.edu,Female
432,Dev,Siman,dsimanbz@ebay.co.uk,Male
433,Giacinta,Grutchfield,ggrutchfieldc0@cam.ac.uk,Genderqueer
434,Arabela,Argont,aargontc1@wufoo.com,Female
435,Tris,Leopold,tleopoldc2@cdbaby.com,Male
436,Melany,De Marchi,mdemarchic3@harvard.edu,Female
437,Devonna,Ogborn,dogbornc4@timesonline.co.uk,Female
438,Giorgio,Muat,gmuatc5@lulu.com,Male
439,Editha,Skeldon,eskeldonc6@moonfruit.com,Female
440,Maura,Mor,mmorc7@phoca.cz,Female
441,Meta,Seiller,mseillerc8@odnoklassniki.ru,Genderfluid
442,Catlaina,Fenlon,cfenlonc9@sitemeter.com,Female
443,Cherilynn,Hickisson,chickissonca@dropbox.com,Female
444,Yolande,Bath,ybathcb@github.io,Non-binary
445,Giacopo,Farney,gfarneycc@wisc.edu,Male
446,Tammi,Lourenco,tlourencocd@cyberchimps.com,Female
447,Ric,Redhead,rredheadce@cisco.com,Male
448,Paddy,Edgerton,pedgertoncf@phoca.cz,Genderfluid
449,Meaghan,Faulo,mfaulocg@omniture.com,Female
450,Lars,Dowdeswell,ldowdeswellch@seesaa.net,Male
451,Mack,Ellerbeck,mellerbeckci@slideshare.net,Genderfluid
452,Roderic,Obal,robalcj@yolasite.com,Male
453,Meryl,Fearnall,mfearnallck@51.la,Female
454,Jarrett,Berwick,jberwickcl@nasa.gov,Male
455,Monte,Gorelli,mgorellicm@craigslist.org,Male
456,Wilt,Crangle,wcranglecn@who.int,Male
457,Lesli,Coulsen,lcoulsenco@tumblr.com,Female
458,Hortense,Sarle,hsarlecp@bloglines.com,Female
459,Nichole,Van der Baaren,nvanderbaarencq@huffingtonpost.com,Male
460,Michael,Chapiro,mchapirocr@mayoclinic.com,Male
461,Reg,Ewings,rewingscs@upenn.edu,Male
462,Gaile,Cogan,gcoganct@seattletimes.com,Male
463,Simmonds,Berzon,sberzoncu@ted.com,Male
464,Shelley,Folbig,sfolbigcv@etsy.com,Male
465,Guthry,Heavens,gheavenscw@scientificamerican.com,Male
466,Bunni,Barensky,bbarenskycx@cam.ac.uk,Polygender
467,Artie,Fincke,afinckecy@storify.com,Male
468,Nikki,McEntegart,nmcentegartcz@g.co,Female
469,Craggie,Sima,csimad0@hugedomains.com,Male
470,Beulah,O' Hogan,bohogand1@sourceforge.net,Female
471,Ilysa,Romer,iromerd2@zimbio.com,Female
472,Bink,Hollier,bhollierd3@tiny.cc,Male
473,Abra,McAlees,amcaleesd4@cbsnews.com,Bigender
474,Kendall,Manwell,kmanwelld5@hostgator.com,Male
475,Harper,Klainer,hklainerd6@wikia.com,Agender
476,Andra,Mateev,amateevd7@pcworld.com,Female
477,Carlina,Bremley,cbremleyd8@amazon.co.jp,Female
478,Scottie,Woodward,swoodwardd9@wired.com,Male
479,Clair,Chate,cchateda@apple.com,Female
480,Kerwinn,Whitlow,kwhitlowdb@nature.com,Male
481,Gary,Tschirschky,gtschirschkydc@unblog.fr,Male
482,Becki,Ollerenshaw,bollerenshawdd@lycos.com,Female
483,Ortensia,Merveille,omerveillede@spiegel.de,Female
484,Maison,Summerton,msummertondf@ucoz.com,Male
485,Powell,Rummings,prummingsdg@kickstarter.com,Male
486,Gray,Perree,gperreedh@stanford.edu,Agender
487,Zarah,Wateridge,zwateridgedi@flavors.me,Female
488,Tucky,Essel,tesseldj@aboutads.info,Male
489,Rubia,Pinnijar,rpinnijardk@ovh.net,Female
490,Phylis,Benediktovich,pbenediktovichdl@miibeian.gov.cn,Female
491,Taddeo,Habbin,thabbindm@globo.com,Male
492,Raviv,Huntall,rhuntalldn@woothemes.com,Male
493,Appolonia,Wedgbrow,awedgbrowdo@yolasite.com,Female
494,Neal,Godehard.sf,ngodehardsfdp@cbsnews.com,Male
495,Sheelagh,Neeson,sneesondq@vk.com,Bigender
496,Tanny,Woolmington,twoolmingtondr@geocities.com,Male
497,Lyda,Sapson,lsapsonds@webnode.com,Female
498,Hamel,Bestar,hbestardt@craigslist.org,Male
499,Orel,Swaile,oswailedu@berkeley.edu,Female
500,Klemens,Northern,knortherndv@amazon.co.uk,Male
501,Sandra,Thripp,sthrippdw@qq.com,Female
502,Sarina,Cantero,scanterodx@dyndns.org,Female
503,Rodi,Tomaschke,rtomaschkedy@utexas.edu,Female
504,Gorden,Soppeth,gsoppethdz@chronoengine.com,Male
505,Duane,Greenlees,dgreenleese0@admin.ch,Male
506,Correna,Tarborn,ctarborne1@mozilla.org,Female
507,Dion,Kerry,dkerrye2@networksolutions.com,Male
508,Ab,Davydzenko,adavydzenkoe3@dyndns.org,Male
509,Benito,Flips,bflipse4@economist.com,Male
510,Graeme,Scudder,gscuddere5@google.cn,Male
511,Dal,Haysar,dhaysare6@statcounter.com,Male
512,Gaby,Clemot,gclemote7@acquirethisname.com,Female
513,Sal,Jermey,sjermeye8@wisc.edu,Male
514,Stacy,Cosgrave,scosgravee9@usatoday.com,Male
515,Reginauld,Dommett,rdommettea@telegraph.co.uk,Male
516,Bancroft,Brazear,bbrazeareb@usda.gov,Genderqueer
517,Ely,Audley,eaudleyec@liveinternet.ru,Male
518,Taddeusz,Roggero,troggeroed@networkadvertising.org,Male
519,Cully,Cormode,ccormodeee@google.it,Male
520,Jeri,Christin,jchristinef@biblegateway.com,Female
521,Gretchen,Pirdy,gpirdyeg@360.cn,Female
522,Budd,Ioannou,bioannoueh@cloudflare.com,Male
523,Georgia,Cheeney,gcheeneyei@qq.com,Female
524,Kassie,Bill,kbillej@stanford.edu,Female
525,Abra,Faichnie,afaichnieek@themeforest.net,Female
526,Mathian,Parnall,mparnallel@devhub.com,Male
527,Glenine,Kimmel,gkimmelem@nifty.com,Female
528,Mady,Eadington,meadingtonen@narod.ru,Female
529,Harriott,Howle,hhowleeo@wikia.com,Female
530,Jeromy,Aldhouse,jaldhouseep@army.mil,Male
531,Shandra,Simacek,ssimacekeq@dyndns.org,Female
532,Abeu,Kilmartin,akilmartiner@va.gov,Male
533,Sherline,Soars,ssoarses@skype.com,Agender
534,Anica,Reasun,areasunet@tinypic.com,Female
535,Frederico,Ormes,formeseu@slate.com,Male
536,Mordy,Coath,mcoathev@cnn.com,Male
537,Rochella,Blick,rblickew@sbwire.com,Female
538,Anne,Delnevo,adelnevoex@themeforest.net,Female
539,Jolynn,Berndtsson,jberndtssoney@1688.com,Female
540,Hilda,Galtone,hgaltoneez@earthlink.net,Female
541,Davidson,Itzkovwitch,ditzkovwitchf0@google.com.au,Male
542,Tucky,Delagua,tdelaguaf1@behance.net,Male
543,Winnifred,Di Franceshci,wdifranceshcif2@usa.gov,Female
544,Eamon,Birdwhistle,ebirdwhistlef3@lulu.com,Male
545,Carver,Schulken,cschulkenf4@jalbum.net,Genderfluid
546,Gisele,Winterton,gwintertonf5@discuz.net,Female
547,Anna-diane,Toyer,atoyerf6@clickbank.net,Female
548,Derward,Cody,dcodyf7@huffingtonpost.com,Male
549,Ekaterina,Eastope,eeastopef8@myspace.com,Female
550,Daveta,Trytsman,dtrytsmanf9@cdbaby.com,Female
551,Remington,Arnott,rarnottfa@webmd.com,Male
552,Lorilyn,Duckitt,lduckittfb@pinterest.com,Female
553,Madlin,Gurrado,mgurradofc@vimeo.com,Polygender
554,Stavro,Streeton,sstreetonfd@mozilla.com,Male
555,Ines,Trower,itrowerfe@google.es,Female
556,Fred,Corbert,fcorbertff@admin.ch,Male
557,Carny,Ikringill,cikringillfg@intel.com,Male
558,Iver,Mc Queen,imcqueenfh@sphinn.com,Male
559,Reinold,Hulatt,rhulattfi@wikispaces.com,Male
560,Meara,Cordelle,mcordellefj@wisc.edu,Genderfluid
561,Antony,Baynon,abaynonfk@squidoo.com,Male
562,Alden,Tatterton,atattertonfl@nbcnews.com,Male
563,Kelley,July,kjulyfm@disqus.com,Genderqueer
564,Sergeant,Caseley,scaseleyfn@live.com,Male
565,Hedvige,Miche,hmichefo@hostgator.com,Female
566,Phoebe,Roos,proosfp@altervista.org,Female
567,Marita,Counihan,mcounihanfq@google.de,Female
568,Barri,Giorgetti,bgiorgettifr@noaa.gov,Male
569,Josy,Brushneen,jbrushneenfs@booking.com,Female
570,Theodoric,Peskett,tpeskettft@rakuten.co.jp,Non-binary
571,Hiram,Dinnington,hdinningtonfu@ustream.tv,Male
572,Vaughan,Bastone,vbastonefv@toplist.cz,Male
573,Melicent,Grenter,mgrenterfw@mashable.com,Female
574,Demetria,Foyston,dfoystonfx@so-net.ne.jp,Female
575,Maryrose,Hailes,mhailesfy@tmall.com,Female
576,Grayce,Clapson,gclapsonfz@twitpic.com,Female
577,Felizio,Dunridge,fdunridgeg0@google.cn,Male
578,Giulia,Collinette,gcollinetteg1@google.com.br,Female
579,Kelvin,Durrand,kdurrandg2@abc.net.au,Male
580,Felic,Santino,fsantinog3@nytimes.com,Genderfluid
581,Adrien,Delacroix,adelacroixg4@chicagotribune.com,Male
582,Ailyn,Everingham,aeveringhamg5@wired.com,Female
583,Lindi,Caley,lcaleyg6@altervista.org,Female
584,Allegra,Daouse,adaouseg7@cocolog-nifty.com,Genderqueer
585,Rowen,Kilian,rkiliang8@boston.com,Male
586,Waverly,Poser,wposerg9@npr.org,Male
587,Kippy,Verrier,kverrierga@netlog.com,Male
588,Karlotta,Langran,klangrangb@blogtalkradio.com,Female
589,Lucinda,Nairne,lnairnegc@reference.com,Female
590,Charlotta,Landall,clandallgd@facebook.com,Female
591,Floris,Cantor,fcantorge@mlb.com,Female
592,Alanah,Leve,alevegf@ftc.gov,Female
593,Glyn,Derks,gderksgg@weather.com,Male
594,Liesa,Kilalea,lkilaleagh@aol.com,Female
595,Zebedee,Doumerque,zdoumerquegi@si.edu,Male
596,Lolita,McKiddin,lmckiddingj@facebook.com,Female
597,Samantha,Wasielewski,swasielewskigk@abc.net.au,Genderfluid
598,Shanda,Flaune,sflaunegl@google.cn,Female
599,Margeaux,Dawe,mdawegm@java.com,Female
600,Fredric,Cleminshaw,fcleminshawgn@imageshack.us,Male
601,Tybalt,Hindsberg,thindsberggo@ehow.com,Genderqueer
602,Elwyn,Malzard,emalzardgp@indiegogo.com,Male
603,Tova,Belfield,tbelfieldgq@phpbb.com,Genderfluid
604,Findley,Lowater,flowatergr@wikimedia.org,Male
605,Mavis,Boays,mboaysgs@flavors.me,Female
606,Bogart,Scrooby,bscroobygt@wordpress.org,Male
607,Pasquale,Donkersley,pdonkersleygu@facebook.com,Male
608,Lenore,Fortnum,lfortnumgv@godaddy.com,Female
609,Augie,Reinhard,areinhardgw@amazonaws.com,Male
610,Gal,Ugolotti,gugolottigx@deviantart.com,Male
611,Tamarra,Bettison,tbettisongy@census.gov,Female
612,Sanson,O'Dooghaine,sodooghainegz@nymag.com,Male
613,Man,Strongman,mstrongmanh0@cyberchimps.com,Male
614,Gwenneth,Cahalan,gcahalanh1@gravatar.com,Female
615,Town,Boken,tbokenh2@last.fm,Male
616,Eva,Caselli,ecasellih3@salon.com,Female
617,Adair,McCart,amccarth4@soup.io,Male
618,Robyn,Yosifov,ryosifovh5@apache.org,Female
619,Kylie,Barrand,kbarrandh6@oaic.gov.au,Male
620,Torrin,Dawtrey,tdawtreyh7@redcross.org,Male
621,Dominick,Beck,dbeckh8@squidoo.com,Male
622,Christiana,Mungin,cmunginh9@google.it,Female
623,Winston,De Bellis,wdebellisha@oracle.com,Male
624,Roddie,Dexter,rdexterhb@blog.com,Male
625,Marris,Rogan,mroganhc@xrea.com,Female
626,Skelly,Brecken,sbreckenhd@youtube.com,Male
627,Clotilda,Whittenbury,cwhittenburyhe@de.vu,Female
628,Devinne,Nolot,dnolothf@example.com,Female
629,Felicle,Pietruszka,fpietruszkahg@cmu.edu,Female
630,Chrisy,McDavid,cmcdavidhh@upenn.edu,Male
631,Novelia,Sayward,nsaywardhi@virginia.edu,Female
632,Obadiah,Jackett,ojacketthj@ftc.gov,Male
633,Danila,Romaynes,dromayneshk@gnu.org,Female
634,Gustie,Henri,ghenrihl@cisco.com,Female
635,Hadrian,Witchard,hwitchardhm@google.com.br,Male
636,Uriel,Championnet,uchampionnethn@youtu.be,Male
637,Mehetabel,Haken,mhakenho@addtoany.com,Female
638,Cassy,Douberday,cdouberdayhp@apple.com,Female
639,Almire,Aylesbury,aaylesburyhq@posterous.com,Female
640,Karlik,Gheeraert,kgheeraerthr@berkeley.edu,Male
641,Mada,Bance,mbancehs@lulu.com,Female
642,Howard,Skiggs,hskiggsht@so-net.ne.jp,Male
643,Harriott,Sandell,hsandellhu@mediafire.com,Genderfluid
644,Ike,Gebhardt,igebhardthv@netlog.com,Male
645,Earle,Forre,eforrehw@spiegel.de,Male
646,Alikee,Tremblay,atremblayhx@stumbleupon.com,Female
647,Anni,Grimbleby,agrimblebyhy@senate.gov,Female
648,Carver,McCrorie,cmccroriehz@drupal.org,Male
649,Borden,Drysdale,bdrysdalei0@army.mil,Male
650,Vanda,Kays,vkaysi1@cnet.com,Female
651,Annabella,Aneley,aaneleyi2@cloudflare.com,Female
652,Indira,Adshede,iadshedei3@yolasite.com,Female
653,Trip,Broadbear,tbroadbeari4@myspace.com,Non-binary
654,El,Kennelly,ekennellyi5@google.com.hk,Male
655,Sean,Easum,seasumi6@w3.org,Male
656,Madelaine,McJury,mmcjuryi7@homestead.com,Female
657,Ferdinand,Neising,fneisingi8@japanpost.jp,Male
658,Andreas,MacAnulty,amacanultyi9@elegantthemes.com,Male
659,Sampson,Jori,sjoriia@dailymail.co.uk,Male
660,Willis,Insall,winsallib@abc.net.au,Male
661,Cassius,Sandaver,csandaveric@cam.ac.uk,Male
662,Kaylil,Currm,kcurrmid@microsoft.com,Female
663,Billy,Querrard,bquerrardie@prlog.org,Male
664,Doralyn,Gurnay,dgurnayif@cam.ac.uk,Female
665,Joana,Ghiraldi,jghiraldiig@noaa.gov,Female
666,Jordon,Botterman,jbottermanih@wikimedia.org,Male
667,Norry,Ockland,nocklandii@dailymotion.com,Male
668,Aidan,Hardingham,ahardinghamij@sphinn.com,Female
669,Ellen,Matteris,ematterisik@macromedia.com,Female
670,Frederico,Strickland,fstricklandil@posterous.com,Male
671,Fernando,Hogbin,fhogbinim@comcast.net,Male
672,Anetta,Pynn,apynnin@jiathis.com,Female
673,Lilian,Janota,ljanotaio@slideshare.net,Female
674,Helen-elizabeth,Cyster,hcysterip@princeton.edu,Female
675,Daphne,Vokes,dvokesiq@cargocollective.com,Bigender
676,Natalina,Gouck,ngouckir@macromedia.com,Female
677,Moore,Morrish,mmorrishis@bravesites.com,Male
678,Bendicty,Barden,bbardenit@sun.com,Male
679,Dynah,Hakes,dhakesiu@gmpg.org,Female
680,Ricki,Bursnall,rbursnalliv@woothemes.com,Female
681,Crosby,Geraud,cgeraudiw@example.com,Male
682,Ingeberg,Tompsett,itompsettix@icio.us,Polygender
683,Chip,Siward,csiwardiy@amazon.de,Male
684,Garrard,Bartel,gbarteliz@blinklist.com,Male
685,Else,Spowage,espowagej0@epa.gov,Female
686,Damiano,Rodenborch,drodenborchj1@nasa.gov,Male
687,Jephthah,Roofe,jroofej2@dion.ne.jp,Genderqueer
688,Carolina,Queripel,cqueripelj3@zdnet.com,Female
689,Jude,Lucas,jlucasj4@qq.com,Male
690,Philippe,Linger,plingerj5@geocities.jp,Female
691,Alexis,Ostridge,aostridgej6@4shared.com,Male
692,Moises,Plan,mplanj7@bbc.co.uk,Male
693,Felipe,Papen,fpapenj8@virginia.edu,Male
694,Imogene,Gutch,igutchj9@youtube.com,Bigender
695,Clio,Kalf,ckalfja@bloglovin.com,Female
696,Peri,Sager,psagerjb@rediff.com,Female
697,Hanni,Pragnell,hpragnelljc@addthis.com,Female
698,Angie,McMillan,amcmillanjd@comcast.net,Male
699,Renaldo,O' Markey,romarkeyje@sciencedirect.com,Male
700,Harper,LAbbet,hlabbetjf@ocn.ne.jp,Male
701,Korey,Wilbor,kwilborjg@cnet.com,Male
702,Benita,Giblin,bgiblinjh@dagondesign.com,Female
703,Jefferson,Olivier,jolivierji@51.la,Male
704,Kandy,MacTrustram,kmactrustramjj@forbes.com,Female
705,Alain,Elis,aelisjk@java.com,Male
706,Berke,Walasik,bwalasikjl@istockphoto.com,Male
707,Dorise,Caile,dcailejm@shop-pro.jp,Female
708,Willyt,Jeavon,wjeavonjn@nsw.gov.au,Female
709,Kristien,Dible,kdiblejo@tinypic.com,Female
710,Obidiah,Dewhirst,odewhirstjp@nsw.gov.au,Male
711,Donalt,Schoffel,dschoffeljq@angelfire.com,Male
712,Rana,Ben-Aharon,rbenaharonjr@google.ca,Female
713,Heath,Templman,htemplmanjs@eepurl.com,Male
714,Bria,Casaccia,bcasacciajt@nhs.uk,Female
715,Jolee,Stoltz,jstoltzju@ucsd.edu,Female
716,Hazlett,Predohl,hpredohljv@umich.edu,Male
717,Angelia,Treweela,atreweelajw@nationalgeographic.com,Female
718,Alyosha,Peltzer,apeltzerjx@fotki.com,Male
719,Avigdor,Eisikowitz,aeisikowitzjy@va.gov,Male
720,Theadora,Sharrard,tsharrardjz@army.mil,Female
721,Ashley,Tanti,atantik0@twitter.com,Male
722,Sada,Blanket,sblanketk1@boston.com,Female
723,Elly,Hirjak,ehirjakk2@free.fr,Female
724,Adiana,Streatfeild,astreatfeildk3@chicagotribune.com,Female
725,Bennett,Duny,bdunyk4@marriott.com,Male
726,Hamlin,Seefus,hseefusk5@rambler.ru,Male
727,Leonid,Buddleigh,lbuddleighk6@ed.gov,Male
728,Humfrey,Millichip,hmillichipk7@npr.org,Male
729,Gaelan,Baggelley,gbaggelleyk8@wordpress.com,Male
730,Clemmie,Timoney,ctimoneyk9@deliciousdays.com,Male
731,Savina,Vedenichev,svedenichevka@cnet.com,Female
732,Gar,Vater,gvaterkb@posterous.com,Male
733,Honey,Damper,hdamperkc@admin.ch,Female
734,Ofelia,Bedle,obedlekd@biblegateway.com,Female
735,Pryce,Griggs,pgriggske@bloglovin.com,Male
736,Janenna,Hansbury,jhansburykf@eepurl.com,Female
737,Birgitta,Longcake,blongcakekg@tinyurl.com,Female
738,Patty,Liffey,pliffeykh@google.it,Male
739,Stevena,Flaunders,sflaunderski@goodreads.com,Female
740,Gabbie,Witchard,gwitchardkj@technorati.com,Male
741,Simon,MacSwayde,smacswaydekk@free.fr,Male
742,Annadiane,Ciccotto,aciccottokl@cloudflare.com,Female
743,Kalil,Krystof,kkrystofkm@gizmodo.com,Male
744,Scarface,Pettifer,spettiferkn@ameblo.jp,Male
745,Felizio,Marmyon,fmarmyonko@aboutads.info,Genderfluid
746,Mark,Lacelett,mlacelettkp@ucla.edu,Male
747,Alta,Simyson,asimysonkq@google.com.hk,Female
748,Leighton,Benitez,lbenitezkr@upenn.edu,Agender
749,Giovanni,Beavors,gbeavorsks@salon.com,Male
750,Cristabel,Greim,cgreimkt@bloglovin.com,Genderqueer
751,Brewer,Berk,bberkku@edublogs.org,Male
752,Delila,Sherrett,dsherrettkv@usgs.gov,Female
753,Moshe,Stenson,mstensonkw@time.com,Male
754,Darbie,McCroary,dmccroarykx@chicagotribune.com,Female
755,Lilla,Manuely,lmanuelyky@t-online.de,Female
756,Arty,Charlet,acharletkz@state.tx.us,Male
757,Cyndi,Wickstead,cwicksteadl0@answers.com,Female
758,Shawnee,Camerana,scameranal1@shinystat.com,Female
759,L;urette,Barwack,lbarwackl2@sfgate.com,Agender
760,Brietta,Backs,bbacksl3@last.fm,Female
761,Devy,Dayne,ddaynel4@51.la,Genderqueer
762,Lorenzo,Jugging,ljuggingl5@wisc.edu,Agender
763,Dion,Whittington,dwhittingtonl6@nytimes.com,Male
764,Cyrille,Riden,cridenl7@biblegateway.com,Male
765,Hildegarde,Hagerty,hhagertyl8@latimes.com,Female
766,Emlen,Hanbury,ehanburyl9@washington.edu,Male
767,Devan,Yelland,dyellandla@blogs.com,Agender
768,Cole,Turban,cturbanlb@google.co.jp,Male
769,Geoff,Aguirrezabala,gaguirrezabalalc@merriam-webster.com,Male
770,Siusan,Batthew,sbatthewld@unblog.fr,Female
771,Demetre,Ivanaev,divanaevle@fotki.com,Male
772,Carolina,Dillistone,cdillistonelf@etsy.com,Female
773,Cleavland,Briton,cbritonlg@google.it,Non-binary
774,Sile,Rasper,srasperlh@gov.uk,Female
775,Dallas,Morales,dmoralesli@gov.uk,Male
776,Danya,Hacaud,dhacaudlj@boston.com,Female
777,Rossie,Kybbye,rkybbyelk@indiatimes.com,Male
778,Antony,Southerton,asouthertonll@washingtonpost.com,Male
779,Paige,Moy,pmoylm@about.me,Male
780,Guthrie,Venour,gvenourln@nih.gov,Genderfluid
781,Tailor,Giral,tgirallo@photobucket.com,Male
782,Linnie,Titterrell,ltitterrelllp@goodreads.com,Female
783,Sapphire,Courvert,scourvertlq@taobao.com,Female
784,Ninon,Balasini,nbalasinilr@free.fr,Female
785,Ardelia,De Michetti,ademichettils@cdbaby.com,Female
786,Sanson,Peschke,speschkelt@shinystat.com,Male
787,Gary,Oppery,gopperylu@g.co,Male
788,Frederica,Bidnall,fbidnalllv@exblog.jp,Female
789,Beaufort,Cornall,bcornalllw@xrea.com,Male
790,Fletcher,Izakof,fizakoflx@accuweather.com,Male
791,Venita,Strephan,vstrephanly@irs.gov,Female
792,Gates,Parkman,gparkmanlz@slate.com,Genderqueer
793,Lynnea,Casajuana,lcasajuanam0@godaddy.com,Female
794,Gardner,Decourcy,gdecourcym1@epa.gov,Male
795,Carla,Dymott,cdymottm2@netvibes.com,Female
796,Tony,Yuryshev,tyuryshevm3@acquirethisname.com,Male
797,Everett,Krolle,ekrollem4@thetimes.co.uk,Male
798,Dominga,Acreman,dacremanm5@skyrock.com,Female
799,Blane,Jachimak,bjachimakm6@sakura.ne.jp,Male
800,Stephan,Mart,smartm7@bandcamp.com,Male
801,Ozzie,Philippard,ophilippardm8@de.vu,Male
802,Alyssa,Currell,acurrellm9@acquirethisname.com,Female
803,Laura,Teffrey,lteffreyma@github.io,Female
804,Rory,Tithacott,rtithacottmb@bizjournals.com,Female
805,Jolee,Rowley,jrowleymc@japanpost.jp,Female
806,Ellie,Craven,ecravenmd@state.tx.us,Polygender
807,Carr,Andrejs,candrejsme@wunderground.com,Male
808,Jacky,Attril,jattrilmf@samsung.com,Female
809,Gaspar,McGaraghan,gmcgaraghanmg@about.com,Male
810,Lon,Jansema,ljansemamh@com.com,Male
811,Carlye,Alekseev,calekseevmi@icq.com,Female
812,Wadsworth,Cluely,wcluelymj@amazon.de,Male
813,Dasha,Scroggs,dscroggsmk@thetimes.co.uk,Genderqueer
814,Nickie,Aldersea,nalderseaml@twitpic.com,Male
815,Quintina,Whittlesea,qwhittleseamm@sun.com,Female
816,Barclay,Withinshaw,bwithinshawmn@nyu.edu,Male
817,Zack,Bigadike,zbigadikemo@jiathis.com,Male
818,Loydie,Cattle,lcattlemp@nasa.gov,Agender
819,Adolphus,Vango,avangomq@ow.ly,Male
820,Addie,Swallwell,aswallwellmr@themeforest.net,Male
821,Micky,Axtonne,maxtonnems@weather.com,Male
822,Sholom,Ritelli,sritellimt@rakuten.co.jp,Male
823,Brucie,Cheevers,bcheeversmu@cmu.edu,Male
824,Normie,Chamberlin,nchamberlinmv@gnu.org,Male
825,Starla,Klimsch,sklimschmw@sakura.ne.jp,Female
826,Arlette,Minall,aminallmx@hugedomains.com,Female
827,Lenard,Smout,lsmoutmy@aboutads.info,Male
828,Alden,Jaquin,ajaquinmz@miibeian.gov.cn,Male
829,Glen,Menpes,gmenpesn0@hhs.gov,Male
830,Ferdinanda,Wheatland,fwheatlandn1@vk.com,Female
831,Mikel,Borwick,mborwickn2@phoca.cz,Male
832,Nicholle,Duchateau,nduchateaun3@cocolog-nifty.com,Female
833,Sibel,Sellack,ssellackn4@g.co,Female
834,Giana,Cosstick,gcosstickn5@craigslist.org,Female
835,Linette,Sturrock,lsturrockn6@unicef.org,Female
836,Stacee,Blackbourn,sblackbournn7@nhs.uk,Male
837,Amery,Nevinson,anevinsonn8@google.ca,Male
838,Goldina,Kepling,gkeplingn9@tripod.com,Female
839,Revkah,Greenrde,rgreenrdena@wordpress.org,Female
840,Thurstan,Harbar,tharbarnb@apple.com,Male
841,Dory,Lawee,dlaweenc@msu.edu,Male
842,Vernice,Scampion,vscampionnd@twitpic.com,Female
843,La verne,March,lmarchne@usnews.com,Female
844,Alvera,Tidbury,atidburynf@nationalgeographic.com,Female
845,Kathlin,Heasly,kheaslyng@meetup.com,Female
846,Lindi,Fairbeard,lfairbeardnh@senate.gov,Female
847,Ado,Nugent,anugentni@engadget.com,Genderfluid
848,Isidor,Steggals,isteggalsnj@state.tx.us,Male
849,Pip,Lempertz,plempertznk@cbsnews.com,Male
850,Winston,Constance,wconstancenl@wisc.edu,Male
851,Gabriel,Kurten,gkurtennm@huffingtonpost.com,Male
852,Ronny,Raspel,rraspelnn@yellowpages.com,Female
853,Sorcha,Bexley,sbexleyno@wsj.com,Female
854,Toinette,Vorley,tvorleynp@netscape.com,Female
855,Brandyn,Elloy,belloynq@java.com,Male
856,Auria,Cuthbert,acuthbertnr@rambler.ru,Female
857,Hugo,North,hnorthns@marketwatch.com,Male
858,Kimberlyn,Dewhurst,kdewhurstnt@storify.com,Female
859,Bil,Pantone,bpantonenu@yandex.ru,Male
860,Miguelita,Tizzard,mtizzardnv@buzzfeed.com,Female
861,Mallorie,Shelmardine,mshelmardinenw@europa.eu,Female
862,Arline,Humphery,ahumpherynx@moonfruit.com,Female
863,Marthe,Verralls,mverrallsny@rediff.com,Female
864,Rafferty,Mattholie,rmattholienz@wikimedia.org,Male
865,Davin,Andresser,dandressero0@dailymotion.com,Male
866,Brigid,Neillans,bneillanso1@adobe.com,Female
867,Henrik,Barnewille,hbarnewilleo2@tamu.edu,Male
868,Grayce,Cornuau,gcornuauo3@furl.net,Female
869,Magdalen,Jessep,mjessepo4@pcworld.com,Female
870,Ludovika,Dutch,ldutcho5@usatoday.com,Female
871,Danna,Stothart,dstotharto6@cnn.com,Female
872,Ashil,Golding,agoldingo7@theglobeandmail.com,Female
873,Dacey,Tune,dtuneo8@studiopress.com,Female
874,Mauricio,Corrado,mcorradoo9@netscape.com,Male
875,Tatiana,Cullington,tcullingtonoa@slate.com,Female
876,Kermit,Brewse,kbrewseob@yellowbook.com,Genderfluid
877,Jorgan,Dunniom,jdunniomoc@deviantart.com,Male
878,Chen,Pettiford,cpettifordod@qq.com,Male
879,Doloritas,Kesey,dkeseyoe@vk.com,Female
880,Thayne,Schubuser,tschubuserof@stumbleupon.com,Male
881,Jobyna,Dagleas,jdagleasog@miitbeian.gov.cn,Female
882,Ephraim,Orviss,eorvissoh@blinklist.com,Male
883,Ernesta,Caughan,ecaughanoi@godaddy.com,Female
884,Wilden,Huguenet,whuguenetoj@google.com,Male
885,Rhoda,Rayhill,rrayhillok@live.com,Female
886,Helga,Chicco,hchiccool@behance.net,Female
887,Gilles,Piaggia,gpiaggiaom@mashable.com,Non-binary
888,Inger,Wykes,iwykeson@ustream.tv,Female
889,Christiane,Danilevich,cdanilevichoo@disqus.com,Female
890,Ed,Handes,ehandesop@dagondesign.com,Male
891,Godfrey,Feenan,gfeenanoq@123-reg.co.uk,Male
892,Lemuel,Jellard,ljellardor@typepad.com,Male
893,Hube,Wale,hwaleos@tuttocitta.it,Male
894,Eolanda,Newband,enewbandot@shareasale.com,Female
895,Cory,Amoore,camooreou@ucla.edu,Male
896,Sterling,Gemnett,sgemnettov@wikipedia.org,Male
897,Ajay,Goudge,agoudgeow@stanford.edu,Female
898,Imogene,Drewitt,idrewittox@gmpg.org,Female
899,Rosanna,Duell,rduelloy@so-net.ne.jp,Female
900,Vergil,Osselton,vosseltonoz@ucla.edu,Non-binary
901,Bonnie,Joderli,bjoderlip0@zdnet.com,Female
902,Merrilee,Queripel,mqueripelp1@adobe.com,Female
903,Bartholomew,Zorzin,bzorzinp2@ezinearticles.com,Male
904,Stephie,Durban,sdurbanp3@github.io,Female
905,Corrinne,Sayle,csaylep4@tripadvisor.com,Female
906,Georgia,Smoth,gsmothp5@acquirethisname.com,Female
907,Cordie,Narup,cnarupp6@list-manage.com,Male
908,Cecilio,Sambidge,csambidgep7@hatena.ne.jp,Male
909,Blondell,McCleverty,bmcclevertyp8@ed.gov,Female
910,Lorettalorna,Reihm,lreihmp9@cmu.edu,Female
911,Alexis,Frapwell,afrapwellpa@msu.edu,Female
912,Kori,Walling,kwallingpb@icq.com,Female
913,Rodolphe,Watling,rwatlingpc@geocities.com,Male
914,Glynn,Binnion,gbinnionpd@wix.com,Male
915,Berri,Dell Casa,bdellcasape@live.com,Bigender
916,Andrey,des Remedios,adesremediospf@sun.com,Male
917,Samuel,Gladebeck,sgladebeckpg@uol.com.br,Male
918,Barnaby,Picheford,bpichefordph@123-reg.co.uk,Male
919,Kaye,Stanfield,kstanfieldpi@virginia.edu,Female
920,Corny,Lagne,clagnepj@tamu.edu,Polygender
921,Derick,Gebbie,dgebbiepk@epa.gov,Male
922,Bronny,Edwick,bedwickpl@i2i.jp,Male
923,Winna,Guyet,wguyetpm@etsy.com,Female
924,Julianna,Lambot,jlambotpn@psu.edu,Female
925,Tonye,Allner,tallnerpo@blogs.com,Female
926,Raf,Gogie,rgogiepp@drupal.org,Female
927,Nicki,Faughny,nfaughnypq@feedburner.com,Female
928,Caryl,Impett,cimpettpr@ihg.com,Male
929,Ichabod,Walczak,iwalczakps@sogou.com,Male
930,Marrilee,Jenkerson,mjenkersonpt@state.tx.us,Female
931,Hadrian,Morriss,hmorrisspu@bloglines.com,Male
932,Ronnie,Jesteco,rjestecopv@archive.org,Male
933,Tobias,Stonner,tstonnerpw@time.com,Male
934,Kathlin,Gouldeby,kgouldebypx@engadget.com,Female
935,Mathias,Jordine,mjordinepy@admin.ch,Male
936,Ros,Furmage,rfurmagepz@nih.gov,Female
937,Trent,Matschuk,tmatschukq0@who.int,Male
938,Tod,Tanswill,ttanswillq1@gmpg.org,Male
939,Yuma,Bowdon,ybowdonq2@rambler.ru,Male
940,Beck,Sunnucks,bsunnucksq3@hhs.gov,Male
941,Daphne,McCroary,dmccroaryq4@umn.edu,Female
942,Carmon,Meldrum,cmeldrumq5@japanpost.jp,Female
943,Tyrus,Ingray,tingrayq6@nifty.com,Genderfluid
944,Sancho,Armall,sarmallq7@go.com,Male
945,Maisey,Jerok,mjerokq8@hp.com,Female
946,Lyle,Macvey,lmacveyq9@tuttocitta.it,Male
947,Portia,Plank,pplankqa@spiegel.de,Female
948,Florentia,Baitson,fbaitsonqb@ibm.com,Female
949,Collette,Grimme,cgrimmeqc@imageshack.us,Female
950,Sherill,Fine,sfineqd@wikispaces.com,Female
951,Alden,Carbert,acarbertqe@spiegel.de,Male
952,Yolane,Garvan,ygarvanqf@google.co.jp,Female
953,Cassy,Casol,ccasolqg@friendfeed.com,Female
954,Feodor,Loseke,flosekeqh@google.ca,Male
955,Kora,Wheatley,kwheatleyqi@wisc.edu,Female
956,Ansel,Witchalls,awitchallsqj@cnet.com,Male
957,Kipp,Laurencot,klaurencotqk@prweb.com,Polygender
958,Nevile,Abbett,nabbettql@nsw.gov.au,Male
959,Conroy,Cruddas,ccruddasqm@opera.com,Male
960,Micheline,Bickerstasse,mbickerstasseqn@wired.com,Female
961,Alysa,Veschambes,aveschambesqo@istockphoto.com,Female
962,Antoinette,Truelove,atrueloveqp@apache.org,Female
963,Esme,Claussen,eclaussenqq@disqus.com,Male
964,Rebekah,Piggin,rpigginqr@bloomberg.com,Female
965,Sosanna,Huglin,shuglinqs@goodreads.com,Female
966,Stevy,Goalby,sgoalbyqt@ehow.com,Male
967,Liva,Pallas,lpallasqu@cnn.com,Female
968,Alaster,Battle,abattleqv@discovery.com,Male
969,Raul,Kendrick,rkendrickqw@bandcamp.com,Male
970,Delaney,Eagland,deaglandqx@alexa.com,Male
971,Daphne,Meininking,dmeininkingqy@ucoz.com,Female
972,Theadora,Messitt,tmessittqz@twitpic.com,Female
973,Bale,Jobling,bjoblingr0@nps.gov,Bigender
974,Rockey,Sinyard,rsinyardr1@hexun.com,Male
975,Nikoletta,Calender,ncalenderr2@paginegialle.it,Female
976,Kristoffer,Willson,kwillsonr3@tiny.cc,Male
977,Celestyna,Hallum,challumr4@narod.ru,Female
978,Hephzibah,Beeckx,hbeeckxr5@miitbeian.gov.cn,Female
979,Olva,Romney,oromneyr6@usgs.gov,Female
980,Jo ann,Jinkins,jjinkinsr7@mysql.com,Female
981,Lorant,Ouldcott,louldcottr8@github.com,Male
982,Haroun,Clorley,hclorleyr9@aboutads.info,Male
983,Carleton,Todari,ctodarira@over-blog.com,Male
984,Nat,Lockett,nlockettrb@cnet.com,Male
985,Damian,Stute,dstuterc@hc360.com,Male
986,Gabi,Labbez,glabbezrd@state.tx.us,Female
987,Josefina,Castrillo,jcastrillore@over-blog.com,Female
988,Wilt,McReedy,wmcreedyrf@mediafire.com,Male
989,Brenda,Ierland,bierlandrg@friendfeed.com,Female
990,Meade,Duffus,mduffusrh@amazonaws.com,Male
991,Ermina,Briant,ebriantri@ed.gov,Female
992,Steffen,Puckham,spuckhamrj@mayoclinic.com,Bigender
993,Corty,Garlinge,cgarlingerk@free.fr,Male
994,Kristos,Pelfer,kpelferrl@berkeley.edu,Male
995,Ailee,Cheyenne,acheyennerm@csmonitor.com,Female
996,Sonny,Cartmer,scartmerrn@twitpic.com,Female
997,Darrell,Chart,dchartro@accuweather.com,Male
998,Ibby,Chismon,ichismonrp@archive.org,Female
999,Livia,McLarens,lmclarensrq@blogspot.com,Female
1000,Othilie,Hember,ohemberrr@bandcamp.com,Female
